<application id="konyLoggerFFI" name="konyLoggerFFI" ffixmlversion="2.0" language="js"><jsnamespace namespace="KonyLogger" iphoneheaders="konyLogger.zip:KonyLogger/BaseLogPersister.h;KonySyncV2/KSConstants.h;KonySyncV2/KSNamespaceMetadata.h;KonySyncV2/KSSDKObjectRecordMetadata.h;KonyLogger/ConslePersistorConfig.h;KonyLogger/PersistError.h;KonySyncV2/KSSDKObject.h;KonySyncV2/KSSyncUtils.h;KonySyncV2/KSRelationship.h;KonyLogger/LoggerConfig.h;KonyLogger/LoggerError.h;KonyLogger/KonyJSFacade.h;KonySyncV2/KonySyncV2.h;KonySyncV2/ISyncableObject.h;KonySyncV2/SDKObjectSync.h;KonySyncV2/KSSDKUploadRequestMetadata.h;Task/KSTask.h;KonySyncV2/KSTestConstants.h;Task/Matrix.h;Task/KSTaskError.h;KonyLogger/IAccumulatorListener.h;Task/Task.h;KonySyncV2/SyncLogger.h;KonyLogger/LoggerConstants.h;KonySyncV2/KSPrimaryKey.h;KonySyncV2/KSSDKObjectService.h;KonySyncV2/SyncError.h;KonyLogger/FilePersistorConfig.h;KonySyncV2/SyncStats.h;KonyLogger/KonyLogger.h;KonySyncV2/ApplicationSync.h;KonySyncV2/KSRootMetadataObject.h;KonyLogger/NetworkPersistorConfig.h;KonyLogger/IPersistor.h;Task/KSTaskListener.h;KonyLogger/FormatError.h;KonySyncV2/KSSDKObjectRecord.h;KonySyncV2/KSObjectDownloadResponseMetadata.h;Task/TestAdderTask.h;KonySyncV2/OrderedDictionary.h;KonyLogger/LogLevelConstants.h;KonyLogger/NetworkService.h;KonyLogger/TimeZonePreferences.h;Task/KSTask+Protected.h;LoggerAbstraction.h;KonyLogger/KonyNativeFacade.h;KonySyncV2/IPersistableObject.h;KonySyncV2/SyncEngine.h;KonyLogger/LogStatement.h;KonySyncV2/KSDownloadResponseMetadata.h;KonySyncV2/SyncBatch.h;KonySyncV2/ISyncListener.h;KonySyncV2/KSMetadataConstants.h;Task/TaskUtils.h;Task/TestMultiplierTask.h;KonySyncV2/KSObjectMetadata.h;KonySyncV2/IDownloadableObject.h;Task/TaskConstants.h;KonySyncV2/ICRUDAble.h;KonySyncV2/KSSyncMetaInfo.h;KonySyncV2/KSBaseResponseMetadata.h;KonySyncV2/IUploadableObject.h;KonySyncV2/ICommonCapabilities.h;KonySyncV2/IOfflineCapabilities.h;KonySyncV2/ISyncProgressEventListener.h;KonySyncV2/KSAbstractLoopingTask.h;Task/Matrix+Submatrix.h;KonySyncV2/SDKObjectServiceSync.h;KonySyncV2/KSObjectAttribute.h" ipadheaders="konyLogger.zip:KonyLogger/BaseLogPersister.h;KonySyncV2/KSConstants.h;KonySyncV2/KSNamespaceMetadata.h;KonySyncV2/KSSDKObjectRecordMetadata.h;KonyLogger/ConslePersistorConfig.h;KonyLogger/PersistError.h;KonySyncV2/KSSDKObject.h;KonySyncV2/KSSyncUtils.h;KonySyncV2/KSRelationship.h;KonyLogger/LoggerConfig.h;KonyLogger/LoggerError.h;KonyLogger/KonyJSFacade.h;KonySyncV2/KonySyncV2.h;KonySyncV2/ISyncableObject.h;KonySyncV2/SDKObjectSync.h;KonySyncV2/KSSDKUploadRequestMetadata.h;Task/KSTask.h;KonySyncV2/KSTestConstants.h;Task/Matrix.h;Task/KSTaskError.h;KonyLogger/IAccumulatorListener.h;Task/Task.h;KonySyncV2/SyncLogger.h;KonyLogger/LoggerConstants.h;KonySyncV2/KSPrimaryKey.h;KonySyncV2/KSSDKObjectService.h;KonySyncV2/SyncError.h;KonyLogger/FilePersistorConfig.h;KonySyncV2/SyncStats.h;KonyLogger/KonyLogger.h;KonySyncV2/ApplicationSync.h;KonySyncV2/KSRootMetadataObject.h;KonyLogger/NetworkPersistorConfig.h;KonyLogger/IPersistor.h;Task/KSTaskListener.h;KonyLogger/FormatError.h;KonySyncV2/KSSDKObjectRecord.h;KonySyncV2/KSObjectDownloadResponseMetadata.h;Task/TestAdderTask.h;KonySyncV2/OrderedDictionary.h;KonyLogger/LogLevelConstants.h;KonyLogger/NetworkService.h;KonyLogger/TimeZonePreferences.h;Task/KSTask+Protected.h;LoggerAbstraction.h;KonyLogger/KonyNativeFacade.h;KonySyncV2/IPersistableObject.h;KonySyncV2/SyncEngine.h;KonyLogger/LogStatement.h;KonySyncV2/KSDownloadResponseMetadata.h;KonySyncV2/SyncBatch.h;KonySyncV2/ISyncListener.h;KonySyncV2/KSMetadataConstants.h;Task/TaskUtils.h;Task/TestMultiplierTask.h;KonySyncV2/KSObjectMetadata.h;KonySyncV2/IDownloadableObject.h;Task/TaskConstants.h;KonySyncV2/ICRUDAble.h;KonySyncV2/KSSyncMetaInfo.h;KonySyncV2/KSBaseResponseMetadata.h;KonySyncV2/IUploadableObject.h;KonySyncV2/ICommonCapabilities.h;KonySyncV2/IOfflineCapabilities.h;KonySyncV2/ISyncProgressEventListener.h;KonySyncV2/KSAbstractLoopingTask.h;Task/Matrix+Submatrix.h;KonySyncV2/SDKObjectServiceSync.h;KonySyncV2/KSObjectAttribute.h"><jsclasses><jsclass name="InitializeLogger"><classmappings><mapping platform="android" library="konylogger.jar" namespace="com.kony.logger.Core" class="KonyJSFacade" frameworks="" /><mapping platform="tabrcandroid" library="konylogger.jar" namespace="com.kony.logger.Core" class="KonyJSFacade" frameworks="" /><mapping platform="iphone" library="konyLogger.zip" namespace="" class="LoggerAbstraction" frameworks="" /><mapping platform="ipad" library="konyLogger.zip" namespace="" class="LoggerAbstraction" frameworks="" /><mapping platform="winphone10" library="konyLogger.zip" namespace="KonyLogger.Core" class="KonyJSFacade" frameworks="" /><mapping platform="windows10" library="konyLogger.zip" namespace="KonyLogger.Core" class="KonyJSFacade" frameworks="" /></classmappings><constructormethod returntype="Object"><params><param name="loggerName" type="String"/></params><mappings><mapping platform="android" method="KonyJSFacade" constructor="true" static="true" ><params><param type="java.lang.String"/></params></mapping><mapping platform="tabrcandroid" method="KonyJSFacade" constructor="true" static="true" ><params><param type="java.lang.String"/></params></mapping><mapping platform="iphone" method="initWithLogger:" constructor="true" static="false" frameworks="" ><params><param type="NSString"/></params></mapping><mapping platform="ipad" method="initWithLogger:" constructor="true" static="false" frameworks="" ><params><param type="NSString"/></params></mapping><mapping platform="winphone10" method="KonyJSFacade" constructor="true" static="true" ><params><param type="string"/></params></mapping><mapping platform="windows10" method="KonyJSFacade" constructor="true" static="true" ><params><param type="string"/></params></mapping></mappings></constructormethod><instancemethods><instancemethod name="logTrace" returntype="void"><params><param name="message" type="Object"/></params><mappings><mapping platform="android" static="false" method="logTrace" returntype="void"  ><params><param type="java.util.Hashtable"/></params></mapping><mapping platform="tabrcandroid" static="false" method="logTrace" returntype="void"  ><params><param type="java.util.Hashtable"/></params></mapping><mapping platform="iphone" static="false" method="logTrace:" returntype="void"  ><params><param type="NSDictionary"/></params></mapping><mapping platform="ipad" static="false" method="logTrace:" returntype="void"  ><params><param type="NSDictionary"/></params></mapping><mapping platform="winphone10" static="false" method="logTrace" returntype="System.Void"  ><params><param type="System.Collections.Generic.Dictionary&lt;System.Object,System.Object&gt;"/></params></mapping><mapping platform="windows10" static="false" method="logTrace" returntype="System.Void"  ><params><param type="System.Collections.Generic.Dictionary&lt;System.Object,System.Object&gt;"/></params></mapping></mappings></instancemethod><instancemethod name="logDebug" returntype="void"><params><param name="message" type="Object"/></params><mappings><mapping platform="android" static="false" method="logDebug" returntype="void"  ><params><param type="java.util.Hashtable"/></params></mapping><mapping platform="tabrcandroid" static="false" method="logDebug" returntype="void"  ><params><param type="java.util.Hashtable"/></params></mapping><mapping platform="iphone" static="false" method="logDebug:" returntype="void"  ><params><param type="NSDictionary"/></params></mapping><mapping platform="ipad" static="false" method="logDebug:" returntype="void"  ><params><param type="NSDictionary"/></params></mapping><mapping platform="winphone10" static="false" method="logDebug" returntype="System.Void"  ><params><param type="System.Collections.Generic.Dictionary&lt;System.Object,System.Object&gt;"/></params></mapping><mapping platform="windows10" static="false" method="logDebug" returntype="System.Void"  ><params><param type="System.Collections.Generic.Dictionary&lt;System.Object,System.Object&gt;"/></params></mapping></mappings></instancemethod><instancemethod name="logWarning" returntype="void"><params><param name="message" type="Object"/></params><mappings><mapping platform="android" static="false" method="logWarning" returntype="void"  ><params><param type="java.util.Hashtable"/></params></mapping><mapping platform="tabrcandroid" static="false" method="logWarning" returntype="void"  ><params><param type="java.util.Hashtable"/></params></mapping><mapping platform="iphone" static="false" method="logWarning:" returntype="void"  ><params><param type="NSDictionary"/></params></mapping><mapping platform="ipad" static="false" method="logWarning:" returntype="void"  ><params><param type="NSDictionary"/></params></mapping><mapping platform="windows10" static="false" method="logWarning" returntype="System.Void"  ><params><param type="System.Collections.Generic.Dictionary&lt;System.Object,System.Object&gt;"/></params></mapping><mapping platform="winphone10" static="false" method="logWarning" returntype="System.Void"  ><params><param type="System.Collections.Generic.Dictionary&lt;System.Object,System.Object&gt;"/></params></mapping></mappings></instancemethod><instancemethod name="logInfo" returntype="void"><params><param name="message" type="Object"/></params><mappings><mapping platform="android" static="false" method="logInfo" returntype="void"  ><params><param type="java.util.Hashtable"/></params></mapping><mapping platform="tabrcandroid" static="false" method="logInfo" returntype="void"  ><params><param type="java.util.Hashtable"/></params></mapping><mapping platform="iphone" static="false" method="logInfo:" returntype="void"  ><params><param type="NSDictionary"/></params></mapping><mapping platform="ipad" static="false" method="logInfo:" returntype="void"  ><params><param type="NSDictionary"/></params></mapping><mapping platform="winphone10" static="false" method="logInfo" returntype="System.Void"  ><params><param type="System.Collections.Generic.Dictionary&lt;System.Object,System.Object&gt;"/></params></mapping><mapping platform="windows10" static="false" method="logInfo" returntype="System.Void"  ><params><param type="System.Collections.Generic.Dictionary&lt;System.Object,System.Object&gt;"/></params></mapping></mappings></instancemethod><instancemethod name="logError" returntype="void"><params><param name="message" type="Object"/></params><mappings><mapping platform="android" static="false" method="logError" returntype="void"  ><params><param type="java.util.Hashtable"/></params></mapping><mapping platform="tabrcandroid" static="false" method="logError" returntype="void"  ><params><param type="java.util.Hashtable"/></params></mapping><mapping platform="iphone" static="false" method="logError:" returntype="void"  ><params><param type="NSDictionary"/></params></mapping><mapping platform="ipad" static="false" method="logError:" returntype="void"  ><params><param type="NSDictionary"/></params></mapping><mapping platform="winphone10" static="false" method="logError" returntype="System.Void"  ><params><param type="System.Collections.Generic.Dictionary&lt;System.Object,System.Object&gt;"/></params></mapping><mapping platform="windows10" static="false" method="logError" returntype="System.Void"  ><params><param type="System.Collections.Generic.Dictionary&lt;System.Object,System.Object&gt;"/></params></mapping></mappings></instancemethod><instancemethod name="logFatal" returntype="void"><params><param name="message" type="Object"/></params><mappings><mapping platform="android" static="false" method="logFatal" returntype="void"  ><params><param type="java.util.Hashtable"/></params></mapping><mapping platform="tabrcandroid" static="false" method="logFatal" returntype="void"  ><params><param type="java.util.Hashtable"/></params></mapping><mapping platform="iphone" static="false" method="logFatal:" returntype="void"  ><params><param type="NSDictionary"/></params></mapping><mapping platform="ipad" static="false" method="logFatal:" returntype="void"  ><params><param type="NSDictionary"/></params></mapping><mapping platform="winphone10" static="false" method="logFatal" returntype="System.Void"  ><params><param type="System.Collections.Generic.Dictionary&lt;System.Object,System.Object&gt;"/></params></mapping><mapping platform="windows10" static="false" method="logFatal" returntype="System.Void"  ><params><param type="System.Collections.Generic.Dictionary&lt;System.Object,System.Object&gt;"/></params></mapping></mappings></instancemethod></instancemethods></jsclass></jsclasses><jsfunctions><jsfunction name="getLogLevel" returntype="Number"><params></params><mappings><mapping platform="android" library="konylogger.jar" namespace="com.kony.logger.Core" class="KonyJSFacade" static="true" method="getLogLevel" returntype="int"  frameworks=""><params></params></mapping><mapping platform="tabrcandroid" library="konylogger.jar" namespace="com.kony.logger.Core" class="KonyJSFacade" static="true" method="getLogLevel" returntype="int"  frameworks=""><params></params></mapping><mapping platform="iphone" library="konyLogger.zip" namespace="" class="LoggerAbstraction" static="true" method="getLogLevel" returntype="int"  frameworks=""><params></params></mapping><mapping platform="ipad" library="konyLogger.zip" namespace="" class="LoggerAbstraction" static="true" method="getLogLevel" returntype="int"  frameworks=""><params></params></mapping><mapping platform="winphone10" library="konyLogger.zip" namespace="KonyLogger.Core" class="KonyJSFacade" static="true" method="getLogLevel" returntype="System.Int32"  frameworks=""><params></params></mapping><mapping platform="windows10" library="konyLogger.zip" namespace="KonyLogger.Core" class="KonyJSFacade" static="true" method="getLogLevel" returntype="System.Int32"  frameworks=""><params></params></mapping></mappings></jsfunction><jsfunction name="flush" returntype="void"><params></params><mappings><mapping platform="tabrcandroid" library="konylogger.jar" namespace="com.kony.logger.Core" class="KonyJSFacade" static="true" method="flush" returntype="void"  frameworks=""><params></params></mapping><mapping platform="android" library="konylogger.jar" namespace="com.kony.logger.Core" class="KonyJSFacade" static="true" method="flush" returntype="void"  frameworks=""><params></params></mapping><mapping platform="ipad" library="konyLogger.zip" namespace="" class="LoggerAbstraction" static="true" method="flush" returntype="void"  frameworks=""><params></params></mapping><mapping platform="iphone" library="konyLogger.zip" namespace="" class="LoggerAbstraction" static="true" method="flush" returntype="void"  frameworks=""><params></params></mapping><mapping platform="winphone10" library="konyLogger.zip" namespace="KonyLogger.Core" class="KonyJSFacade" static="true" method="flush" returntype="System.Void"  frameworks=""><params></params></mapping><mapping platform="windows10" library="konyLogger.zip" namespace="KonyLogger.Core" class="KonyJSFacade" static="true" method="flush" returntype="System.Void"  frameworks=""><params></params></mapping></mappings></jsfunction><jsfunction name="setConfig" returntype="void"><params><param name="config" type="Object"/></params><mappings><mapping platform="winphone10" library="konyLogger.zip" namespace="KonyLogger.Core" class="KonyJSFacade" static="true" method="setConfig" returntype="System.Void"  frameworks=""><params><param type="System.Collections.Generic.Dictionary&lt;System.Object,System.Object&gt;"/></params></mapping><mapping platform="windows10" library="konyLogger.zip" namespace="KonyLogger.Core" class="KonyJSFacade" static="true" method="setConfig" returntype="System.Void"  frameworks=""><params><param type="System.Collections.Generic.Dictionary&lt;System.Object,System.Object&gt;"/></params></mapping><mapping platform="android" library="konylogger.jar" namespace="com.kony.logger.Core" class="KonyJSFacade" static="true" method="setConfig" returntype="void"  frameworks=""><params><param type="java.util.Hashtable"/></params></mapping><mapping platform="tabrcandroid" library="konylogger.jar" namespace="com.kony.logger.Core" class="KonyJSFacade" static="true" method="setConfig" returntype="void"  frameworks=""><params><param type="java.util.Hashtable"/></params></mapping><mapping platform="iphone" library="konyLogger.zip" namespace="" class="LoggerAbstraction" static="true" method="setConfig:" returntype="void"  frameworks=""><params><param type="NSDictionary"/></params></mapping><mapping platform="ipad" library="konyLogger.zip" namespace="" class="LoggerAbstraction" static="true" method="setConfig:" returntype="void"  frameworks=""><params><param type="NSDictionary"/></params></mapping></mappings></jsfunction><jsfunction name="setPersistorConfig" returntype="void"><params><param name="persistor" type="Object"/></params><mappings><mapping platform="winphone10" library="konyLogger.zip" namespace="KonyLogger.Core" class="KonyJSFacade" static="true" method="setPersisterConfig" returntype="System.Void"  frameworks=""><params><param type="System.Collections.Generic.Dictionary&lt;System.Object,System.Object&gt;"/></params></mapping><mapping platform="windows10" library="konyLogger.zip" namespace="KonyLogger.Core" class="KonyJSFacade" static="true" method="setPersisterConfig" returntype="System.Void"  frameworks=""><params><param type="System.Collections.Generic.Dictionary&lt;System.Object,System.Object&gt;"/></params></mapping><mapping platform="android" library="konylogger.jar" namespace="com.kony.logger.Core" class="KonyJSFacade" static="true" method="setPersisterConfig" returntype="void"  frameworks=""><params><param type="java.util.Hashtable"/></params></mapping><mapping platform="tabrcandroid" library="konylogger.jar" namespace="com.kony.logger.Core" class="KonyJSFacade" static="true" method="setPersisterConfig" returntype="void"  frameworks=""><params><param type="java.util.Hashtable"/></params></mapping><mapping platform="iphone" library="konyLogger.zip" namespace="" class="LoggerAbstraction" static="true" method="setPersisterConfig:" returntype="void"  frameworks=""><params><param type="NSDictionary"/></params></mapping><mapping platform="ipad" library="konyLogger.zip" namespace="" class="LoggerAbstraction" static="true" method="setPersisterConfig:" returntype="void"  frameworks=""><params><param type="NSDictionary"/></params></mapping></mappings></jsfunction><jsfunction name="setLogLevel" returntype="void"><params><param name="logLevel" type="Number"/></params><mappings><mapping platform="android" library="konylogger.jar" namespace="com.kony.logger.Core" class="KonyJSFacade" static="true" method="setLogLevel" returntype="void"  frameworks=""><params><param type="int"/></params></mapping><mapping platform="windows10" library="konyLogger.zip" namespace="KonyLogger.Core" class="KonyJSFacade" static="true" method="setLogLevel" returntype="System.Void"  frameworks=""><params><param type="System.Int32"/></params></mapping><mapping platform="winphone10" library="konyLogger.zip" namespace="KonyLogger.Core" class="KonyJSFacade" static="true" method="setLogLevel" returntype="System.Void"  frameworks=""><params><param type="System.Int32"/></params></mapping><mapping platform="tabrcandroid" library="konylogger.jar" namespace="com.kony.logger.Core" class="KonyJSFacade" static="true" method="setLogLevel" returntype="void"  frameworks=""><params><param type="int"/></params></mapping><mapping platform="iphone" library="konyLogger.zip" namespace="" class="LoggerAbstraction" static="true" method="setLogLevel:" returntype="void"  frameworks=""><params><param type="int"/></params></mapping><mapping platform="ipad" library="konyLogger.zip" namespace="" class="LoggerAbstraction" static="true" method="setLogLevel:" returntype="void"  frameworks=""><params><param type="int"/></params></mapping></mappings></jsfunction><jsfunction name="activatePersistors" returntype="void"><params><param name="activatedList" type="Number"/></params><mappings><mapping platform="winphone10" library="konyLogger.zip" namespace="KonyLogger.Core" class="KonyJSFacade" static="true" method="activatePersistors" returntype="System.Void"  frameworks=""><params><param type="System.Int32"/></params></mapping><mapping platform="windows10" library="konyLogger.zip" namespace="KonyLogger.Core" class="KonyJSFacade" static="true" method="activatePersistors" returntype="System.Void"  frameworks=""><params><param type="System.Int32"/></params></mapping><mapping platform="android" library="konylogger.jar" namespace="com.kony.logger.Core" class="KonyJSFacade" static="true" method="activatePersistors" returntype="void"  frameworks=""><params><param type="int"/></params></mapping><mapping platform="tabrcandroid" library="konylogger.jar" namespace="com.kony.logger.Core" class="KonyJSFacade" static="true" method="activatePersistors" returntype="void"  frameworks=""><params><param type="int"/></params></mapping><mapping platform="iphone" library="konyLogger.zip" namespace="" class="LoggerAbstraction" static="true" method="activatePersistors:" returntype="void"  frameworks=""><params><param type="NSNumber"/></params></mapping><mapping platform="ipad" library="konyLogger.zip" namespace="" class="LoggerAbstraction" static="true" method="activatePersistors:" returntype="void"  frameworks=""><params><param type="NSNumber"/></params></mapping></mappings></jsfunction><jsfunction name="deactivatePersistors" returntype="void"><params><param name="deactivatedList" type="Number"/></params><mappings><mapping platform="windows10" library="konyLogger.zip" namespace="KonyLogger.Core" class="KonyJSFacade" static="true" method="deactivatePersistors" returntype="System.Void"  frameworks=""><params><param type="System.Int32"/></params></mapping><mapping platform="winphone10" library="konyLogger.zip" namespace="KonyLogger.Core" class="KonyJSFacade" static="true" method="deactivatePersistors" returntype="System.Void"  frameworks=""><params><param type="System.Int32"/></params></mapping><mapping platform="android" library="konylogger.jar" namespace="com.kony.logger.Core" class="KonyJSFacade" static="true" method="deactivatePersistors" returntype="void"  frameworks=""><params><param type="int"/></params></mapping><mapping platform="tabrcandroid" library="konylogger.jar" namespace="com.kony.logger.Core" class="KonyJSFacade" static="true" method="deactivatePersistors" returntype="void"  frameworks=""><params><param type="int"/></params></mapping><mapping platform="iphone" library="konyLogger.zip" namespace="" class="LoggerAbstraction" static="true" method="deactivatePersistors:" returntype="void"  frameworks=""><params><param type="NSNumber"/></params></mapping><mapping platform="ipad" library="konyLogger.zip" namespace="" class="LoggerAbstraction" static="true" method="deactivatePersistors:" returntype="void"  frameworks=""><params><param type="NSNumber"/></params></mapping></mappings></jsfunction><jsfunction name="setClaimsToken" returntype="void"><params><param name="claimsToken" type="String"/></params><mappings><mapping platform="android" library="konylogger.jar" namespace="com.kony.logger.Core" class="KonyJSFacade" static="true" method="setClaimsToken" returntype="void"  frameworks=""><params><param type="java.lang.String"/></params></mapping><mapping platform="iphone" library="konyLogger.zip" namespace="" class="LoggerAbstraction" static="true" method="setClaimsToken:" returntype="void"  frameworks=""><params><param type="NSString"/></params></mapping><mapping platform="ipad" library="konyLogger.zip" namespace="" class="LoggerAbstraction" static="true" method="setClaimsToken:" returntype="void"  frameworks=""><params><param type="NSString"/></params></mapping><mapping platform="tabrcandroid" library="konylogger.jar" namespace="com.kony.logger.Core" class="KonyJSFacade" static="true" method="setClaimsToken" returntype="void"  frameworks=""><params><param type="java.lang.String"/></params></mapping><mapping platform="winphone10" library="konyLogger.zip" namespace="KonyLogger.Core" class="KonyJSFacade" static="true" method="setClaimsToken" returntype="System.Void"  frameworks=""><params><param type="System.String"/></params></mapping><mapping platform="windows10" library="konyLogger.zip" namespace="KonyLogger.Core" class="KonyJSFacade" static="true" method="setClaimsToken" returntype="System.Void"  frameworks=""><params><param type="System.String"/></params></mapping></mappings></jsfunction></jsfunctions></jsnamespace></application>