{
    "AS_Form_ceacfa6d9d5349fe8b39bfdc617cc4e5": {
        "id": "AS_Form_ceacfa6d9d5349fe8b39bfdc617cc4e5",
        "type": "ACTION_SEQUENCE",
        "params": [{
            "datatype": "collection",
            "name": "eventobject"
        }],
        "contextObj": {
            "name": "Form1",
            "type": "forms",
            "platform": "",
            "KUID": "eae8de9b5ac047a583d0692fc3cac125"
        },
        "language": "js",
        "actions": [{
            "id": "ADD_SNIPPET__cbc53d237fe94b67b9f8b487fb1d155e",
            "type": "ADD_SNIPPET",
            "codeSnippet": "this.formPostShow();",
            "parentId": null,
            "callbackType": null
        }]
    }
}